{
    "[RIVER, TIME] One Step LK": 3.3992831707000732,
    "[RIVER, MSE] Original video": 46.84747208436725,
    "[RIVER, MSE] One Step LK": 651.712893083994,
    "[RIVER, TIME] Full LK": 56.217007875442505,
    "[RIVER, MSE] Full LK": 29.689556648234994
}