{
    "[RIVER, TIME] One Step LK": 2.649669647216797,
    "[RIVER, MSE] Original video": 46.84747208436725,
    "[RIVER, MSE] One Step LK": 651.712893083994,
    "[RIVER, TIME] Full LK": 51.63026809692383,
    "[RIVER, MSE] Full LK": 29.689556648234994
}